Order ID,Customer ID,Item ID,Quantity,Delivery Date
SO-0001,CUST-006,INV-STRC-FG-0058,2,2025-01-28
SO-0002,CUST-012,INV-PLTE-FG-0260,1,2025-10-21
SO-0003,CUST-010,INV-PLTE-FG-0258,4,2025-12-19
SO-0004,CUST-010,INV-PLTE-FG-0200,4,2025-12-22
SO-0005,CUST-004,INV-BEAM-FG-0117,2,2025-09-18
SO-0006,CUST-012,INV-PLTE-FG-0244,1,2025-03-09
SO-0007,CUST-006,INV-MODL-FG-0336,1,2025-03-06
SO-0008,CUST-008,INV-STRC-FG-0072,4,2025-12-02
SO-0009,CUST-002,INV-PLTE-FG-0257,1,2025-02-13
SO-0010,CUST-011,INV-BEAM-FG-0130,1,2025-04-12
SO-0011,CUST-002,INV-STRC-FG-0060,1,2025-12-13
SO-0012,CUST-008,INV-STRC-FG-0071,1,2025-05-22
SO-0013,CUST-008,INV-BEAM-FG-0174,1,2025-09-25
SO-0014,CUST-009,INV-PLTE-FG-0205,2,2025-02-21
SO-0015,CUST-011,INV-MODL-FG-0294,1,2025-10-15
SO-0016,CUST-010,INV-BEAM-FG-0181,1,2025-01-20
SO-0017,CUST-010,INV-MODL-FG-0282,1,2025-06-11
SO-0018,CUST-004,INV-BEAM-FG-0120,1,2025-03-18
SO-0019,CUST-008,INV-BEAM-FG-0091,1,2025-02-04
SO-0020,CUST-012,INV-BEAM-FG-0167,1,2025-05-18
SO-0021,CUST-007,INV-PLTE-FG-0219,1,2025-06-25
SO-0022,CUST-002,INV-STRC-FG-0007,1,2025-09-04
SO-0023,CUST-009,INV-STRC-FG-0064,2,2025-01-21
SO-0024,CUST-006,INV-STRC-FG-0044,1,2025-03-05
SO-0025,CUST-006,INV-BEAM-FG-0171,1,2025-09-24
SO-0026,CUST-009,INV-BEAM-FG-0121,1,2025-08-29
SO-0027,CUST-008,INV-MODL-FG-0297,1,2025-06-30
SO-0028,CUST-011,INV-BEAM-FG-0117,1,2025-09-14
SO-0029,CUST-008,INV-STRC-FG-0088,1,2025-05-31
SO-0030,CUST-006,INV-PLTE-FG-0264,1,2025-02-21
SO-0031,CUST-011,INV-PLTE-FG-0219,1,2025-02-08
SO-0032,CUST-003,INV-STRC-FG-0075,1,2025-08-26
SO-0033,CUST-009,INV-BEAM-FG-0149,1,2025-03-05
SO-0034,CUST-006,INV-PLTE-FG-0242,1,2025-05-27
SO-0035,CUST-005,INV-MODL-FG-0311,1,2025-05-25
SO-0036,CUST-002,INV-PLTE-FG-0204,1,2025-10-13
SO-0037,CUST-005,INV-MODL-FG-0282,1,2025-03-12
SO-0038,CUST-006,INV-PLTE-FG-0196,1,2025-06-15
SO-0039,CUST-004,INV-BEAM-FG-0113,2,2025-12-20
SO-0040,CUST-001,INV-BEAM-FG-0139,1,2025-04-15
SO-0041,CUST-003,INV-MODL-FG-0267,2,2025-03-16
SO-0042,CUST-006,INV-PLTE-FG-0254,4,2025-09-24
SO-0043,CUST-012,INV-BEAM-FG-0111,1,2025-06-01
SO-0044,CUST-009,INV-BEAM-FG-0153,4,2025-09-04
SO-0045,CUST-003,INV-PLTE-FG-0255,1,2025-12-09
SO-0046,CUST-012,INV-MODL-FG-0326,1,2025-10-16
SO-0047,CUST-005,INV-PLTE-FG-0184,1,2025-09-29
SO-0048,CUST-009,INV-STRC-FG-0057,1,2025-12-23
SO-0049,CUST-001,INV-BEAM-FG-0158,1,2025-09-19
SO-0050,CUST-002,INV-PLTE-FG-0207,1,2025-10-02
SO-0051,CUST-004,INV-BEAM-FG-0128,1,2025-11-15
SO-0052,CUST-004,INV-STRC-FG-0065,1,2025-09-27
SO-0053,CUST-001,INV-MODL-FG-0324,1,2025-05-06
SO-0054,CUST-010,INV-MODL-FG-0339,2,2025-05-16
SO-0055,CUST-010,INV-MODL-FG-0333,1,2025-12-11
SO-0056,CUST-012,INV-PLTE-FG-0261,1,2025-07-16
SO-0057,CUST-008,INV-MODL-FG-0318,1,2025-01-24
SO-0058,CUST-004,INV-PLTE-FG-0220,1,2025-06-03
SO-0059,CUST-012,INV-PLTE-FG-0264,1,2025-11-05
SO-0060,CUST-001,INV-MODL-FG-0284,1,2025-11-28
SO-0061,CUST-009,INV-BEAM-FG-0169,1,2025-01-16
SO-0062,CUST-001,INV-STRC-FG-0038,2,2025-11-12
SO-0063,CUST-004,INV-BEAM-FG-0176,1,2025-10-18
SO-0064,CUST-004,INV-STRC-FG-0076,1,2025-10-07
SO-0065,CUST-006,INV-PLTE-FG-0226,1,2025-07-20
SO-0066,CUST-011,INV-BEAM-FG-0118,1,2025-05-21
SO-0067,CUST-012,INV-STRC-FG-0038,1,2025-07-19
SO-0068,CUST-002,INV-PLTE-FG-0240,1,2025-09-21
SO-0069,CUST-005,INV-STRC-FG-0036,1,2025-08-30
SO-0070,CUST-006,INV-MODL-FG-0336,2,2025-08-29
SO-0071,CUST-009,INV-PLTE-FG-0243,1,2025-05-22
SO-0072,CUST-004,INV-STRC-FG-0077,1,2025-03-12
SO-0073,CUST-005,INV-STRC-FG-0011,1,2025-10-23
SO-0074,CUST-007,INV-PLTE-FG-0210,1,2025-07-04
SO-0075,CUST-006,INV-MODL-FG-0338,1,2025-08-18
SO-0076,CUST-007,INV-PLTE-FG-0239,2,2025-10-18
SO-0077,CUST-006,INV-BEAM-FG-0174,1,2025-05-01
SO-0078,CUST-007,INV-BEAM-FG-0106,1,2025-09-26
SO-0079,CUST-007,INV-STRC-FG-0076,1,2025-12-11
SO-0080,CUST-007,INV-PLTE-FG-0202,1,2025-02-28
SO-0081,CUST-003,INV-MODL-FG-0266,2,2025-09-30
SO-0082,CUST-004,INV-BEAM-FG-0108,1,2025-06-25
SO-0083,CUST-012,INV-MODL-FG-0280,1,2025-04-29
SO-0084,CUST-001,INV-STRC-FG-0030,1,2025-07-07
SO-0085,CUST-001,INV-MODL-FG-0297,1,2025-09-12
SO-0086,CUST-002,INV-STRC-FG-0027,1,2025-09-08
SO-0087,CUST-006,INV-MODL-FG-0319,1,2025-12-16
SO-0088,CUST-002,INV-MODL-FG-0317,1,2025-04-11
SO-0089,CUST-002,INV-BEAM-FG-0141,1,2025-09-25
SO-0090,CUST-006,INV-PLTE-FG-0244,1,2025-07-02
SO-0091,CUST-012,INV-MODL-FG-0272,1,2025-12-01
SO-0092,CUST-008,INV-PLTE-FG-0229,1,2025-02-12
SO-0093,CUST-008,INV-STRC-FG-0085,1,2025-04-30
SO-0094,CUST-005,INV-BEAM-FG-0163,2,2025-09-16
SO-0095,CUST-006,INV-STRC-FG-0065,1,2025-05-30
SO-0096,CUST-003,INV-MODL-FG-0327,1,2025-05-25
SO-0097,CUST-002,INV-PLTE-FG-0235,2,2025-10-21
SO-0098,CUST-012,INV-PLTE-FG-0187,1,2025-01-13
SO-0099,CUST-011,INV-PLTE-FG-0192,1,2025-12-30
SO-0100,CUST-008,INV-STRC-FG-0066,1,2025-09-02
SO-0101,CUST-011,INV-BEAM-FG-0158,1,2025-08-02
SO-0102,CUST-002,INV-STRC-FG-0018,4,2025-03-12
SO-0103,CUST-002,INV-STRC-FG-0084,2,2025-02-07
SO-0104,CUST-007,INV-MODL-FG-0300,1,2025-02-05
SO-0105,CUST-010,INV-MODL-FG-0329,1,2025-06-21
SO-0106,CUST-006,INV-MODL-FG-0338,1,2025-08-19
SO-0107,CUST-007,INV-BEAM-FG-0090,1,2025-03-18
SO-0108,CUST-007,INV-MODL-FG-0316,1,2025-05-26
SO-0109,CUST-001,INV-BEAM-FG-0118,1,2025-05-24
SO-0110,CUST-004,INV-PLTE-FG-0234,1,2025-03-26
SO-0111,CUST-009,INV-BEAM-FG-0093,1,2025-06-28
SO-0112,CUST-009,INV-BEAM-FG-0134,1,2025-07-11
SO-0113,CUST-011,INV-STRC-FG-0036,1,2025-03-13
SO-0114,CUST-004,INV-PLTE-FG-0197,2,2025-05-03
SO-0115,CUST-005,INV-MODL-FG-0321,4,2025-07-02
SO-0116,CUST-002,INV-BEAM-FG-0095,1,2025-01-27
SO-0117,CUST-011,INV-MODL-FG-0317,2,2025-08-30
SO-0118,CUST-009,INV-MODL-FG-0328,1,2025-07-28
SO-0119,CUST-010,INV-BEAM-FG-0180,1,2025-08-20
SO-0120,CUST-004,INV-STRC-FG-0012,2,2025-05-31
SO-0121,CUST-006,INV-BEAM-FG-0175,1,2025-01-12
SO-0122,CUST-010,INV-PLTE-FG-0254,1,2025-04-23
SO-0123,CUST-008,INV-BEAM-FG-0116,1,2025-05-10
SO-0124,CUST-012,INV-PLTE-FG-0259,2,2025-03-09
SO-0125,CUST-007,INV-PLTE-FG-0206,2,2025-09-13
SO-0126,CUST-004,INV-BEAM-FG-0096,1,2025-01-13
SO-0127,CUST-006,INV-PLTE-FG-0227,1,2025-07-28
SO-0128,CUST-005,INV-MODL-FG-0303,1,2025-02-13
SO-0129,CUST-006,INV-PLTE-FG-0222,1,2025-10-29
SO-0130,CUST-003,INV-MODL-FG-0302,1,2025-01-18
SO-0131,CUST-006,INV-BEAM-FG-0107,1,2025-03-14
SO-0132,CUST-009,INV-MODL-FG-0316,1,2025-06-01
SO-0133,CUST-005,INV-BEAM-FG-0177,1,2025-07-09
SO-0134,CUST-001,INV-PLTE-FG-0198,1,2025-05-16
SO-0135,CUST-004,INV-MODL-FG-0269,4,2025-08-03
SO-0136,CUST-010,INV-STRC-FG-0060,1,2025-12-07
SO-0137,CUST-004,INV-BEAM-FG-0152,2,2025-09-17
SO-0138,CUST-004,INV-BEAM-FG-0169,1,2025-03-29
SO-0139,CUST-010,INV-MODL-FG-0284,2,2025-02-14
SO-0140,CUST-002,INV-PLTE-FG-0246,1,2025-02-18
SO-0141,CUST-010,INV-STRC-FG-0061,1,2025-12-19
SO-0142,CUST-003,INV-PLTE-FG-0225,1,2025-07-16
SO-0143,CUST-009,INV-MODL-FG-0295,1,2025-03-02
SO-0144,CUST-011,INV-MODL-FG-0336,1,2025-02-23
SO-0145,CUST-005,INV-MODL-FG-0293,1,2025-12-12
SO-0146,CUST-002,INV-MODL-FG-0334,1,2025-02-02
SO-0147,CUST-009,INV-BEAM-FG-0132,1,2025-08-03
SO-0148,CUST-011,INV-PLTE-FG-0248,2,2025-11-25
SO-0149,CUST-002,INV-PLTE-FG-0224,1,2025-07-30
SO-0150,CUST-010,INV-BEAM-FG-0163,4,2025-07-21
SO-0151,CUST-005,INV-STRC-FG-0071,1,2025-04-21
SO-0152,CUST-003,INV-PLTE-FG-0252,1,2025-02-28
SO-0153,CUST-003,INV-MODL-FG-0270,1,2025-07-21
SO-0154,CUST-007,INV-STRC-FG-0025,1,2025-02-05
SO-0155,CUST-012,INV-BEAM-FG-0145,1,2025-06-02
SO-0156,CUST-010,INV-MODL-FG-0306,4,2025-07-11
SO-0157,CUST-010,INV-BEAM-FG-0176,1,2025-09-16
SO-0158,CUST-012,INV-BEAM-FG-0168,1,2025-06-01
SO-0159,CUST-008,INV-STRC-FG-0015,1,2025-12-14
SO-0160,CUST-004,INV-STRC-FG-0061,2,2025-02-06
SO-0161,CUST-005,INV-MODL-FG-0293,1,2025-11-23
SO-0162,CUST-004,INV-BEAM-FG-0167,1,2025-04-01
SO-0163,CUST-002,INV-PLTE-FG-0234,1,2025-07-14
SO-0164,CUST-011,INV-PLTE-FG-0238,1,2025-03-06
SO-0165,CUST-006,INV-PLTE-FG-0230,1,2025-09-27
SO-0166,CUST-007,INV-PLTE-FG-0238,1,2025-08-26
SO-0167,CUST-011,INV-BEAM-FG-0110,1,2025-04-08
SO-0168,CUST-005,INV-STRC-FG-0044,2,2025-10-06
SO-0169,CUST-006,INV-STRC-FG-0070,1,2025-08-20
SO-0170,CUST-007,INV-PLTE-FG-0207,4,2025-07-20
SO-0171,CUST-007,INV-PLTE-FG-0240,2,2025-04-17
SO-0172,CUST-007,INV-PLTE-FG-0258,1,2025-06-10
SO-0173,CUST-011,INV-PLTE-FG-0258,1,2025-12-06
SO-0174,CUST-008,INV-MODL-FG-0329,1,2025-04-27
SO-0175,CUST-010,INV-STRC-FG-0052,1,2025-08-31
SO-0176,CUST-010,INV-PLTE-FG-0248,1,2025-01-28
SO-0177,CUST-001,INV-MODL-FG-0305,1,2025-01-25
SO-0178,CUST-006,INV-BEAM-FG-0143,2,2025-07-06
SO-0179,CUST-004,INV-BEAM-FG-0147,1,2025-04-19
SO-0180,CUST-005,INV-PLTE-FG-0255,1,2025-01-25
SO-0181,CUST-005,INV-STRC-FG-0007,1,2025-12-04
SO-0182,CUST-011,INV-STRC-FG-0088,1,2025-03-21
SO-0183,CUST-002,INV-PLTE-FG-0258,1,2025-05-28
SO-0184,CUST-009,INV-STRC-FG-0034,1,2025-09-04
SO-0185,CUST-005,INV-STRC-FG-0014,1,2025-05-04
SO-0186,CUST-001,INV-BEAM-FG-0149,1,2025-09-22
SO-0187,CUST-006,INV-MODL-FG-0279,1,2025-04-28
SO-0188,CUST-009,INV-BEAM-FG-0117,1,2025-12-23
SO-0189,CUST-004,INV-STRC-FG-0075,1,2025-11-06
SO-0190,CUST-003,INV-MODL-FG-0294,1,2025-10-18
SO-0191,CUST-007,INV-MODL-FG-0317,1,2025-07-27
SO-0192,CUST-007,INV-STRC-FG-0086,1,2025-12-16
SO-0193,CUST-007,INV-PLTE-FG-0223,1,2025-01-22
SO-0194,CUST-009,INV-BEAM-FG-0126,1,2025-08-08
SO-0195,CUST-012,INV-BEAM-FG-0114,2,2025-09-20
SO-0196,CUST-009,INV-STRC-FG-0046,1,2025-03-31
SO-0197,CUST-004,INV-PLTE-FG-0251,1,2025-06-20
SO-0198,CUST-006,INV-MODL-FG-0304,1,2025-01-23
SO-0199,CUST-004,INV-PLTE-FG-0220,2,2025-07-02
SO-0200,CUST-011,INV-MODL-FG-0332,1,2025-12-28
SO-0201,CUST-001,INV-BEAM-FG-0099,1,2025-01-21
SO-0202,CUST-009,INV-BEAM-FG-0152,1,2025-10-05
SO-0203,CUST-012,INV-STRC-FG-0010,2,2025-02-27
SO-0204,CUST-008,INV-MODL-FG-0280,1,2025-12-27
SO-0205,CUST-001,INV-STRC-FG-0020,1,2025-10-23
SO-0206,CUST-012,INV-BEAM-FG-0168,2,2025-01-14
SO-0207,CUST-005,INV-MODL-FG-0287,2,2025-10-13
SO-0208,CUST-008,INV-STRC-FG-0055,1,2025-02-16
SO-0209,CUST-009,INV-BEAM-FG-0163,1,2025-09-12
SO-0210,CUST-006,INV-MODL-FG-0296,1,2025-07-18
SO-0211,CUST-007,INV-BEAM-FG-0146,1,2025-04-27
SO-0212,CUST-005,INV-MODL-FG-0312,1,2025-12-20
SO-0213,CUST-001,INV-BEAM-FG-0132,1,2025-11-30
SO-0214,CUST-001,INV-MODL-FG-0310,4,2025-05-03
SO-0215,CUST-003,INV-BEAM-FG-0174,1,2025-09-23
SO-0216,CUST-012,INV-STRC-FG-0085,1,2025-05-24
SO-0217,CUST-001,INV-BEAM-FG-0171,2,2025-06-21
SO-0218,CUST-007,INV-BEAM-FG-0150,1,2025-12-07
SO-0219,CUST-008,INV-STRC-FG-0083,1,2025-01-18
SO-0220,CUST-009,INV-BEAM-FG-0129,2,2025-07-11
SO-0221,CUST-012,INV-BEAM-FG-0110,1,2025-12-08
SO-0222,CUST-012,INV-PLTE-FG-0184,1,2025-03-27
SO-0223,CUST-006,INV-MODL-FG-0320,1,2025-09-10
SO-0224,CUST-008,INV-MODL-FG-0296,1,2025-09-02
SO-0225,CUST-007,INV-STRC-FG-0044,1,2025-12-27
SO-0226,CUST-001,INV-BEAM-FG-0136,1,2025-03-13
SO-0227,CUST-009,INV-STRC-FG-0063,1,2025-08-08
SO-0228,CUST-012,INV-MODL-FG-0310,1,2025-10-11
SO-0229,CUST-001,INV-BEAM-FG-0172,4,2025-09-14
SO-0230,CUST-006,INV-MODL-FG-0303,1,2025-10-11
SO-0231,CUST-004,INV-MODL-FG-0309,1,2025-03-19
SO-0232,CUST-009,INV-PLTE-FG-0215,1,2025-07-06
SO-0233,CUST-005,INV-MODL-FG-0305,1,2025-06-27
SO-0234,CUST-009,INV-STRC-FG-0046,1,2025-07-18
SO-0235,CUST-008,INV-STRC-FG-0067,1,2025-04-04
SO-0236,CUST-007,INV-PLTE-FG-0238,1,2025-05-03
SO-0237,CUST-006,INV-BEAM-FG-0090,1,2025-11-09
SO-0238,CUST-010,INV-BEAM-FG-0114,1,2025-02-13
SO-0239,CUST-005,INV-PLTE-FG-0219,1,2025-12-11
SO-0240,CUST-007,INV-PLTE-FG-0186,1,2025-08-07
SO-0241,CUST-012,INV-MODL-FG-0266,1,2025-07-28
SO-0242,CUST-008,INV-PLTE-FG-0201,2,2025-10-03
SO-0243,CUST-011,INV-STRC-FG-0006,1,2025-07-30
SO-0244,CUST-001,INV-BEAM-FG-0168,1,2025-12-16
SO-0245,CUST-001,INV-MODL-FG-0277,1,2025-03-30
SO-0246,CUST-012,INV-PLTE-FG-0214,4,2025-05-16
SO-0247,CUST-011,INV-BEAM-FG-0118,2,2025-12-04
SO-0248,CUST-006,INV-PLTE-FG-0231,1,2025-07-21
SO-0249,CUST-007,INV-PLTE-FG-0236,2,2025-05-10
SO-0250,CUST-006,INV-MODL-FG-0324,4,2025-04-02
SO-0251,CUST-009,INV-BEAM-FG-0181,1,2025-10-04
SO-0252,CUST-003,INV-BEAM-FG-0108,1,2025-04-05
SO-0253,CUST-004,INV-PLTE-FG-0249,1,2025-12-24
SO-0254,CUST-006,INV-PLTE-FG-0225,1,2025-06-27
SO-0255,CUST-003,INV-MODL-FG-0267,2,2025-06-05
SO-0256,CUST-003,INV-STRC-FG-0052,1,2025-08-20
SO-0257,CUST-003,INV-BEAM-FG-0100,1,2025-06-14
SO-0258,CUST-003,INV-STRC-FG-0035,2,2025-11-25
SO-0259,CUST-001,INV-BEAM-FG-0118,1,2025-12-19
SO-0260,CUST-012,INV-STRC-FG-0023,2,2025-12-25
SO-0261,CUST-012,INV-BEAM-FG-0174,1,2025-05-05
SO-0262,CUST-001,INV-MODL-FG-0270,2,2025-11-03
SO-0263,CUST-006,INV-MODL-FG-0290,1,2025-02-20
SO-0264,CUST-004,INV-MODL-FG-0271,2,2025-04-01
SO-0265,CUST-006,INV-MODL-FG-0311,4,2025-10-24
SO-0266,CUST-011,INV-STRC-FG-0031,1,2025-02-05
SO-0267,CUST-011,INV-STRC-FG-0009,1,2025-12-16
SO-0268,CUST-006,INV-PLTE-FG-0246,1,2025-03-31
SO-0269,CUST-004,INV-BEAM-FG-0171,4,2025-03-26
SO-0270,CUST-007,INV-BEAM-FG-0177,1,2025-06-30
SO-0271,CUST-006,INV-MODL-FG-0276,2,2025-05-10
SO-0272,CUST-003,INV-MODL-FG-0338,1,2025-02-14
SO-0273,CUST-012,INV-PLTE-FG-0196,1,2025-02-22
SO-0274,CUST-002,INV-PLTE-FG-0220,1,2025-05-17
SO-0275,CUST-008,INV-PLTE-FG-0219,2,2025-12-19
SO-0276,CUST-001,INV-PLTE-FG-0251,1,2025-06-29
SO-0277,CUST-010,INV-STRC-FG-0061,1,2025-11-15
SO-0278,CUST-012,INV-PLTE-FG-0228,2,2025-03-30
SO-0279,CUST-007,INV-STRC-FG-0007,1,2025-11-08
SO-0280,CUST-011,INV-PLTE-FG-0217,2,2025-09-18
SO-0281,CUST-011,INV-STRC-FG-0068,1,2025-09-24
SO-0282,CUST-001,INV-MODL-FG-0308,1,2025-10-09
SO-0283,CUST-008,INV-MODL-FG-0299,1,2025-12-24
SO-0284,CUST-011,INV-MODL-FG-0291,1,2025-12-02
SO-0285,CUST-012,INV-MODL-FG-0303,1,2025-02-03
SO-0286,CUST-009,INV-PLTE-FG-0242,1,2025-12-08
SO-0287,CUST-004,INV-BEAM-FG-0118,1,2025-01-31
SO-0288,CUST-007,INV-PLTE-FG-0217,1,2025-04-26
SO-0289,CUST-005,INV-BEAM-FG-0090,1,2025-06-19
SO-0290,CUST-008,INV-BEAM-FG-0098,2,2025-04-06
SO-0291,CUST-012,INV-STRC-FG-0011,1,2025-05-06
SO-0292,CUST-002,INV-STRC-FG-0019,4,2025-05-31
SO-0293,CUST-012,INV-STRC-FG-0007,1,2025-05-09
SO-0294,CUST-012,INV-STRC-FG-0037,2,2025-10-15
SO-0295,CUST-008,INV-STRC-FG-0048,1,2025-01-25
SO-0296,CUST-012,INV-MODL-FG-0313,1,2025-07-12
SO-0297,CUST-005,INV-MODL-FG-0274,1,2025-04-11
SO-0298,CUST-001,INV-STRC-FG-0063,1,2025-11-05
SO-0299,CUST-005,INV-BEAM-FG-0177,1,2025-12-02
SO-0300,CUST-005,INV-MODL-FG-0285,1,2025-07-15
SO-0301,CUST-001,INV-PLTE-FG-0262,1,2025-05-06
SO-0302,CUST-008,INV-BEAM-FG-0108,1,2025-05-26
SO-0303,CUST-012,INV-MODL-FG-0274,2,2025-08-07
SO-0304,CUST-011,INV-MODL-FG-0296,1,2025-07-22
SO-0305,CUST-003,INV-BEAM-FG-0119,1,2025-12-16
SO-0306,CUST-011,INV-PLTE-FG-0214,1,2025-09-12
SO-0307,CUST-008,INV-STRC-FG-0003,1,2025-05-21
SO-0308,CUST-001,INV-BEAM-FG-0118,2,2025-05-30
SO-0309,CUST-008,INV-PLTE-FG-0232,1,2025-05-30
SO-0310,CUST-009,INV-STRC-FG-0028,1,2025-05-22
SO-0311,CUST-002,INV-PLTE-FG-0239,1,2025-02-09
SO-0312,CUST-006,INV-MODL-FG-0322,1,2025-08-03
SO-0313,CUST-007,INV-MODL-FG-0271,1,2025-12-29
SO-0314,CUST-005,INV-STRC-FG-0084,1,2025-09-08
SO-0315,CUST-012,INV-BEAM-FG-0099,1,2025-12-18
SO-0316,CUST-005,INV-STRC-FG-0085,1,2025-09-09
SO-0317,CUST-005,INV-MODL-FG-0328,1,2025-04-16
SO-0318,CUST-001,INV-STRC-FG-0011,1,2025-08-31
SO-0319,CUST-001,INV-STRC-FG-0001,1,2025-01-28
SO-0320,CUST-003,INV-PLTE-FG-0259,1,2025-06-24
SO-0321,CUST-003,INV-BEAM-FG-0168,1,2025-11-23
SO-0322,CUST-007,INV-MODL-FG-0313,1,2025-11-02
SO-0323,CUST-005,INV-BEAM-FG-0174,1,2025-04-21
SO-0324,CUST-002,INV-PLTE-FG-0214,1,2025-03-06
SO-0325,CUST-009,INV-PLTE-FG-0209,1,2025-08-01
SO-0326,CUST-005,INV-MODL-FG-0266,1,2025-12-31
SO-0327,CUST-007,INV-PLTE-FG-0259,1,2025-04-27
SO-0328,CUST-011,INV-BEAM-FG-0159,1,2025-07-07
SO-0329,CUST-002,INV-PLTE-FG-0194,1,2025-11-27
SO-0330,CUST-010,INV-BEAM-FG-0134,1,2025-06-05
SO-0331,CUST-010,INV-MODL-FG-0267,1,2025-06-07
SO-0332,CUST-007,INV-MODL-FG-0292,1,2025-12-04
SO-0333,CUST-004,INV-PLTE-FG-0240,1,2025-06-02
SO-0334,CUST-002,INV-BEAM-FG-0115,1,2025-11-07
SO-0335,CUST-011,INV-STRC-FG-0036,1,2025-06-23
SO-0336,CUST-008,INV-MODL-FG-0287,1,2025-10-31
SO-0337,CUST-002,INV-STRC-FG-0070,2,2025-04-14
SO-0338,CUST-006,INV-STRC-FG-0054,1,2025-03-16
SO-0339,CUST-001,INV-MODL-FG-0322,2,2025-10-16
SO-0340,CUST-011,INV-MODL-FG-0284,1,2025-03-29
SO-0341,CUST-007,INV-BEAM-FG-0112,2,2025-10-17
SO-0342,CUST-011,INV-MODL-FG-0271,2,2025-11-26
SO-0343,CUST-010,INV-BEAM-FG-0095,1,2025-04-18
SO-0344,CUST-012,INV-BEAM-FG-0150,1,2025-03-29
SO-0345,CUST-005,INV-PLTE-FG-0200,4,2025-03-02
SO-0346,CUST-001,INV-PLTE-FG-0251,1,2025-01-21
SO-0347,CUST-008,INV-STRC-FG-0086,1,2025-04-13
SO-0348,CUST-008,INV-STRC-FG-0058,1,2025-08-23
SO-0349,CUST-007,INV-PLTE-FG-0210,1,2025-11-15
SO-0350,CUST-001,INV-STRC-FG-0081,1,2025-08-29
SO-0351,CUST-010,INV-MODL-FG-0304,1,2025-11-08
SO-0352,CUST-006,INV-PLTE-FG-0254,2,2025-05-03
SO-0353,CUST-004,INV-BEAM-FG-0124,1,2025-08-12
SO-0354,CUST-011,INV-MODL-FG-0280,1,2025-08-30
SO-0355,CUST-001,INV-BEAM-FG-0134,1,2025-11-21
SO-0356,CUST-010,INV-PLTE-FG-0216,1,2025-03-27
SO-0357,CUST-008,INV-MODL-FG-0336,1,2025-09-01
SO-0358,CUST-009,INV-MODL-FG-0289,1,2025-08-12
SO-0359,CUST-002,INV-BEAM-FG-0164,1,2025-03-31
SO-0360,CUST-010,INV-STRC-FG-0062,2,2025-11-28
SO-0361,CUST-011,INV-BEAM-FG-0148,1,2025-01-26
SO-0362,CUST-002,INV-BEAM-FG-0177,1,2025-02-21
SO-0363,CUST-009,INV-PLTE-FG-0227,1,2025-08-09
SO-0364,CUST-006,INV-PLTE-FG-0209,1,2025-07-16
SO-0365,CUST-005,INV-BEAM-FG-0150,1,2025-06-29
SO-0366,CUST-010,INV-PLTE-FG-0200,1,2025-10-19
SO-0367,CUST-007,INV-BEAM-FG-0175,1,2025-04-21
SO-0368,CUST-006,INV-BEAM-FG-0094,1,2025-09-25
SO-0369,CUST-008,INV-PLTE-FG-0199,1,2025-07-27
SO-0370,CUST-005,INV-MODL-FG-0294,1,2025-10-19
SO-0371,CUST-006,INV-PLTE-FG-0244,2,2025-07-13
SO-0372,CUST-008,INV-STRC-FG-0015,1,2025-08-13
SO-0373,CUST-004,INV-PLTE-FG-0190,1,2025-12-27
SO-0374,CUST-003,INV-PLTE-FG-0206,1,2025-10-02
SO-0375,CUST-002,INV-PLTE-FG-0246,1,2025-11-14
SO-0376,CUST-001,INV-BEAM-FG-0100,1,2025-07-23
SO-0377,CUST-010,INV-STRC-FG-0087,1,2025-05-10
SO-0378,CUST-007,INV-STRC-FG-0066,1,2025-06-14
SO-0379,CUST-008,INV-MODL-FG-0281,1,2025-07-12
SO-0380,CUST-012,INV-MODL-FG-0279,1,2025-07-26
SO-0381,CUST-002,INV-PLTE-FG-0208,2,2025-05-19
SO-0382,CUST-007,INV-PLTE-FG-0225,1,2025-08-26
SO-0383,CUST-001,INV-BEAM-FG-0117,1,2025-11-27
SO-0384,CUST-011,INV-BEAM-FG-0129,1,2025-06-20
SO-0385,CUST-001,INV-BEAM-FG-0177,2,2025-05-10
SO-0386,CUST-006,INV-MODL-FG-0308,2,2025-01-21
SO-0387,CUST-008,INV-PLTE-FG-0182,1,2025-02-25
SO-0388,CUST-001,INV-STRC-FG-0055,1,2025-06-18
SO-0389,CUST-006,INV-STRC-FG-0016,1,2025-07-30
SO-0390,CUST-011,INV-BEAM-FG-0167,1,2025-10-03
SO-0391,CUST-003,INV-STRC-FG-0027,1,2025-03-26
SO-0392,CUST-006,INV-STRC-FG-0087,1,2025-02-11
SO-0393,CUST-008,INV-BEAM-FG-0152,1,2025-04-15
SO-0394,CUST-012,INV-MODL-FG-0306,1,2025-08-23
SO-0395,CUST-005,INV-BEAM-FG-0116,1,2025-11-09
SO-0396,CUST-011,INV-MODL-FG-0302,1,2025-10-04
SO-0397,CUST-008,INV-MODL-FG-0269,1,2025-11-12
SO-0398,CUST-002,INV-MODL-FG-0269,1,2025-08-07
SO-0399,CUST-006,INV-BEAM-FG-0158,1,2025-03-30
SO-0400,CUST-001,INV-BEAM-FG-0132,1,2025-03-28
SO-0401,CUST-006,INV-BEAM-FG-0137,1,2025-09-06
SO-0402,CUST-007,INV-BEAM-FG-0146,2,2025-08-15
SO-0403,CUST-002,INV-PLTE-FG-0198,1,2025-08-19
SO-0404,CUST-002,INV-BEAM-FG-0169,1,2025-03-12
SO-0405,CUST-007,INV-PLTE-FG-0247,1,2025-09-07
SO-0406,CUST-004,INV-MODL-FG-0322,1,2025-01-18
SO-0407,CUST-008,INV-PLTE-FG-0254,1,2025-09-15
SO-0408,CUST-004,INV-BEAM-FG-0098,1,2025-01-12
SO-0409,CUST-006,INV-STRC-FG-0036,2,2025-06-24
SO-0410,CUST-005,INV-PLTE-FG-0194,1,2025-08-20
SO-0411,CUST-007,INV-BEAM-FG-0179,1,2025-08-31
SO-0412,CUST-005,INV-BEAM-FG-0164,1,2025-12-20
SO-0413,CUST-003,INV-BEAM-FG-0137,1,2025-02-10
SO-0414,CUST-012,INV-MODL-FG-0316,1,2025-12-07
SO-0415,CUST-003,INV-PLTE-FG-0217,2,2025-08-11
SO-0416,CUST-011,INV-MODL-FG-0324,1,2025-01-19
SO-0417,CUST-008,INV-BEAM-FG-0128,1,2025-02-03
SO-0418,CUST-006,INV-PLTE-FG-0222,1,2025-07-21
SO-0419,CUST-003,INV-BEAM-FG-0093,1,2025-11-03
SO-0420,CUST-012,INV-BEAM-FG-0091,4,2025-11-04
SO-0421,CUST-002,INV-PLTE-FG-0247,1,2025-04-18
SO-0422,CUST-003,INV-BEAM-FG-0155,2,2025-08-05
SO-0423,CUST-006,INV-MODL-FG-0266,1,2025-08-15
SO-0424,CUST-008,INV-MODL-FG-0285,1,2025-11-03
SO-0425,CUST-005,INV-BEAM-FG-0165,1,2025-07-06
SO-0426,CUST-009,INV-PLTE-FG-0214,1,2025-08-28
SO-0427,CUST-003,INV-MODL-FG-0275,1,2025-07-26
SO-0428,CUST-009,INV-BEAM-FG-0115,1,2025-04-21
SO-0429,CUST-011,INV-PLTE-FG-0212,1,2025-08-04
SO-0430,CUST-003,INV-STRC-FG-0058,2,2025-09-07
SO-0431,CUST-005,INV-PLTE-FG-0192,1,2025-05-02
SO-0432,CUST-003,INV-MODL-FG-0300,1,2025-12-15
SO-0433,CUST-008,INV-MODL-FG-0265,1,2025-06-22
SO-0434,CUST-002,INV-PLTE-FG-0232,2,2025-11-09
SO-0435,CUST-012,INV-STRC-FG-0004,1,2025-06-08
SO-0436,CUST-011,INV-STRC-FG-0030,1,2025-09-27
SO-0437,CUST-005,INV-PLTE-FG-0256,1,2025-11-14
SO-0438,CUST-004,INV-PLTE-FG-0191,1,2025-05-19
SO-0439,CUST-007,INV-STRC-FG-0071,1,2025-11-11
SO-0440,CUST-008,INV-STRC-FG-0015,1,2025-08-21
SO-0441,CUST-002,INV-STRC-FG-0023,1,2025-12-30
SO-0442,CUST-012,INV-PLTE-FG-0197,2,2025-04-22
SO-0443,CUST-009,INV-PLTE-FG-0237,1,2025-01-12
SO-0444,CUST-002,INV-PLTE-FG-0234,1,2025-07-19
SO-0445,CUST-007,INV-PLTE-FG-0187,1,2025-02-11
SO-0446,CUST-010,INV-MODL-FG-0289,1,2025-07-04
SO-0447,CUST-002,INV-BEAM-FG-0130,4,2025-09-07
SO-0448,CUST-002,INV-BEAM-FG-0153,1,2025-10-30
SO-0449,CUST-011,INV-MODL-FG-0303,1,2025-07-08
SO-0450,CUST-007,INV-STRC-FG-0016,1,2025-04-28
SO-0451,CUST-004,INV-PLTE-FG-0197,2,2025-09-24
SO-0452,CUST-004,INV-PLTE-FG-0183,1,2025-10-01
SO-0453,CUST-002,INV-MODL-FG-0316,1,2025-01-31
SO-0454,CUST-012,INV-BEAM-FG-0151,2,2025-02-27
SO-0455,CUST-001,INV-PLTE-FG-0194,4,2025-10-28
SO-0456,CUST-007,INV-STRC-FG-0050,2,2025-03-23
SO-0457,CUST-010,INV-STRC-FG-0052,1,2025-06-29
SO-0458,CUST-004,INV-BEAM-FG-0114,1,2025-01-20
SO-0459,CUST-006,INV-MODL-FG-0273,1,2025-12-09
SO-0460,CUST-008,INV-STRC-FG-0058,1,2025-12-13
SO-0461,CUST-005,INV-STRC-FG-0015,1,2025-11-29
SO-0462,CUST-005,INV-STRC-FG-0074,1,2025-04-07
SO-0463,CUST-004,INV-STRC-FG-0052,1,2025-07-03
SO-0464,CUST-011,INV-MODL-FG-0322,2,2025-08-03
SO-0465,CUST-010,INV-PLTE-FG-0212,1,2025-06-15
SO-0466,CUST-002,INV-BEAM-FG-0147,1,2025-01-22
SO-0467,CUST-007,INV-PLTE-FG-0193,1,2025-12-12
SO-0468,CUST-004,INV-PLTE-FG-0245,1,2025-11-23
SO-0469,CUST-002,INV-PLTE-FG-0238,1,2025-01-24
SO-0470,CUST-004,INV-STRC-FG-0019,1,2025-05-23
SO-0471,CUST-004,INV-STRC-FG-0085,1,2025-01-23
SO-0472,CUST-002,INV-MODL-FG-0325,1,2025-02-22
SO-0473,CUST-004,INV-PLTE-FG-0256,1,2025-07-19
SO-0474,CUST-009,INV-MODL-FG-0319,4,2025-06-05
SO-0475,CUST-011,INV-MODL-FG-0269,1,2025-10-30
SO-0476,CUST-010,INV-BEAM-FG-0095,4,2025-01-28
SO-0477,CUST-009,INV-PLTE-FG-0193,4,2025-07-29
SO-0478,CUST-007,INV-STRC-FG-0048,1,2025-04-23
SO-0479,CUST-011,INV-STRC-FG-0060,1,2025-04-19
SO-0480,CUST-011,INV-MODL-FG-0265,1,2025-02-18
SO-0481,CUST-004,INV-PLTE-FG-0195,1,2025-06-26
SO-0482,CUST-007,INV-MODL-FG-0332,1,2025-06-13
SO-0483,CUST-010,INV-PLTE-FG-0210,1,2025-06-13
SO-0484,CUST-002,INV-PLTE-FG-0200,1,2025-08-27
SO-0485,CUST-003,INV-BEAM-FG-0151,1,2025-11-03
SO-0486,CUST-004,INV-STRC-FG-0035,1,2025-07-21
SO-0487,CUST-006,INV-PLTE-FG-0258,1,2025-03-18
SO-0488,CUST-008,INV-PLTE-FG-0243,4,2025-03-14
SO-0489,CUST-011,INV-MODL-FG-0308,1,2025-04-11
SO-0490,CUST-002,INV-MODL-FG-0286,1,2025-10-23
SO-0491,CUST-003,INV-PLTE-FG-0210,1,2025-02-11
SO-0492,CUST-002,INV-MODL-FG-0330,1,2025-05-03
SO-0493,CUST-011,INV-BEAM-FG-0094,1,2025-06-24
SO-0494,CUST-001,INV-MODL-FG-0285,2,2025-07-06
SO-0495,CUST-012,INV-STRC-FG-0065,1,2025-03-07
SO-0496,CUST-004,INV-STRC-FG-0054,4,2025-09-16
SO-0497,CUST-010,INV-BEAM-FG-0117,1,2025-06-21
SO-0498,CUST-004,INV-BEAM-FG-0163,1,2025-12-26
SO-0499,CUST-004,INV-MODL-FG-0271,1,2025-03-14
SO-0500,CUST-007,INV-BEAM-FG-0174,1,2025-01-15
SO-0501,CUST-008,INV-BEAM-FG-0118,1,2025-07-29
SO-0502,CUST-007,INV-STRC-FG-0019,2,2025-10-20
SO-0503,CUST-011,INV-STRC-FG-0081,1,2025-07-20
SO-0504,CUST-006,INV-MODL-FG-0309,2,2025-01-31
SO-0505,CUST-007,INV-PLTE-FG-0251,1,2025-03-07
SO-0506,CUST-002,INV-MODL-FG-0306,2,2025-02-28
SO-0507,CUST-007,INV-MODL-FG-0283,1,2025-10-21
SO-0508,CUST-005,INV-BEAM-FG-0134,1,2025-07-09
SO-0509,CUST-009,INV-STRC-FG-0034,1,2025-07-08
SO-0510,CUST-006,INV-PLTE-FG-0205,1,2025-11-29
SO-0511,CUST-009,INV-STRC-FG-0073,1,2025-11-25
SO-0512,CUST-010,INV-PLTE-FG-0219,1,2025-05-11
SO-0513,CUST-008,INV-BEAM-FG-0125,1,2025-03-08
SO-0514,CUST-004,INV-STRC-FG-0016,1,2025-06-26
SO-0515,CUST-002,INV-BEAM-FG-0168,1,2025-07-09
SO-0516,CUST-012,INV-BEAM-FG-0180,1,2025-07-22
SO-0517,CUST-009,INV-MODL-FG-0269,1,2025-05-20
SO-0518,CUST-011,INV-PLTE-FG-0245,1,2025-05-23
SO-0519,CUST-002,INV-STRC-FG-0024,1,2025-04-06
SO-0520,CUST-003,INV-MODL-FG-0315,1,2025-05-11
SO-0521,CUST-003,INV-MODL-FG-0336,1,2025-04-04
SO-0522,CUST-004,INV-PLTE-FG-0245,1,2025-10-01
SO-0523,CUST-012,INV-PLTE-FG-0225,2,2025-11-20
SO-0524,CUST-008,INV-BEAM-FG-0104,1,2025-10-15
SO-0525,CUST-012,INV-BEAM-FG-0091,4,2025-10-26
SO-0526,CUST-009,INV-PLTE-FG-0233,1,2025-09-13
SO-0527,CUST-001,INV-BEAM-FG-0157,1,2025-10-22
SO-0528,CUST-006,INV-PLTE-FG-0238,1,2025-12-16
SO-0529,CUST-003,INV-PLTE-FG-0261,2,2025-09-29
SO-0530,CUST-003,INV-STRC-FG-0071,1,2025-07-29
SO-0531,CUST-008,INV-STRC-FG-0026,2,2025-09-22
SO-0532,CUST-011,INV-BEAM-FG-0100,2,2025-07-26
SO-0533,CUST-008,INV-BEAM-FG-0153,1,2025-10-01
SO-0534,CUST-010,INV-MODL-FG-0308,1,2025-06-10
SO-0535,CUST-010,INV-BEAM-FG-0168,1,2025-06-06
SO-0536,CUST-001,INV-PLTE-FG-0221,1,2025-11-07
SO-0537,CUST-009,INV-MODL-FG-0289,1,2025-07-24
SO-0538,CUST-010,INV-PLTE-FG-0203,1,2025-05-25
SO-0539,CUST-002,INV-MODL-FG-0292,2,2025-04-20
SO-0540,CUST-001,INV-MODL-FG-0266,1,2025-09-17
SO-0541,CUST-009,INV-STRC-FG-0047,1,2025-09-14
SO-0542,CUST-011,INV-STRC-FG-0046,1,2025-03-02
SO-0543,CUST-005,INV-MODL-FG-0275,1,2025-09-18
SO-0544,CUST-006,INV-PLTE-FG-0225,2,2025-09-22
SO-0545,CUST-008,INV-STRC-FG-0082,1,2025-01-29
SO-0546,CUST-006,INV-STRC-FG-0035,2,2025-08-12
SO-0547,CUST-004,INV-MODL-FG-0302,1,2025-08-02
SO-0548,CUST-011,INV-MODL-FG-0316,1,2025-07-04
SO-0549,CUST-003,INV-MODL-FG-0268,1,2025-12-18
SO-0550,CUST-011,INV-STRC-FG-0073,1,2025-05-08
SO-0551,CUST-007,INV-PLTE-FG-0192,1,2025-04-30
SO-0552,CUST-010,INV-STRC-FG-0082,1,2025-08-27
SO-0553,CUST-003,INV-PLTE-FG-0213,1,2025-10-17
SO-0554,CUST-008,INV-MODL-FG-0287,1,2025-06-19
SO-0555,CUST-009,INV-MODL-FG-0323,4,2025-03-08
SO-0556,CUST-007,INV-MODL-FG-0311,2,2025-04-24
SO-0557,CUST-005,INV-BEAM-FG-0093,1,2025-04-29
SO-0558,CUST-010,INV-PLTE-FG-0257,1,2025-11-24
SO-0559,CUST-008,INV-PLTE-FG-0188,1,2025-09-18
SO-0560,CUST-004,INV-MODL-FG-0324,1,2025-10-11
SO-0561,CUST-006,INV-STRC-FG-0037,1,2025-04-05
SO-0562,CUST-003,INV-MODL-FG-0335,1,2025-09-30
SO-0563,CUST-004,INV-PLTE-FG-0221,2,2025-09-22
SO-0564,CUST-005,INV-PLTE-FG-0252,1,2025-06-07
SO-0565,CUST-009,INV-MODL-FG-0334,2,2025-11-28
SO-0566,CUST-006,INV-MODL-FG-0294,2,2025-02-21
SO-0567,CUST-010,INV-MODL-FG-0292,1,2025-11-29
SO-0568,CUST-002,INV-BEAM-FG-0120,1,2025-07-20
SO-0569,CUST-005,INV-PLTE-FG-0186,1,2025-11-10
SO-0570,CUST-009,INV-MODL-FG-0270,1,2025-07-31
SO-0571,CUST-012,INV-BEAM-FG-0163,1,2025-06-12
SO-0572,CUST-012,INV-BEAM-FG-0146,1,2025-04-14
SO-0573,CUST-008,INV-MODL-FG-0298,2,2025-09-09
SO-0574,CUST-005,INV-BEAM-FG-0095,4,2025-02-26
SO-0575,CUST-010,INV-BEAM-FG-0174,1,2025-12-22
SO-0576,CUST-001,INV-BEAM-FG-0173,1,2025-10-24
SO-0577,CUST-010,INV-MODL-FG-0277,1,2025-02-10
SO-0578,CUST-001,INV-BEAM-FG-0166,2,2025-04-06
SO-0579,CUST-009,INV-PLTE-FG-0208,1,2025-04-03
SO-0580,CUST-005,INV-PLTE-FG-0259,1,2025-03-26
SO-0581,CUST-005,INV-MODL-FG-0290,1,2025-08-01
SO-0582,CUST-001,INV-PLTE-FG-0231,4,2025-04-05
SO-0583,CUST-012,INV-STRC-FG-0063,2,2025-04-28
SO-0584,CUST-006,INV-MODL-FG-0337,1,2025-07-02
SO-0585,CUST-009,INV-PLTE-FG-0194,1,2025-07-24
SO-0586,CUST-002,INV-PLTE-FG-0216,1,2025-03-23
SO-0587,CUST-005,INV-STRC-FG-0020,1,2025-10-26
SO-0588,CUST-005,INV-PLTE-FG-0206,2,2025-11-02
SO-0589,CUST-011,INV-PLTE-FG-0185,1,2025-09-06
SO-0590,CUST-001,INV-MODL-FG-0312,1,2025-01-30
SO-0591,CUST-003,INV-BEAM-FG-0155,1,2025-01-24
SO-0592,CUST-011,INV-STRC-FG-0032,2,2025-02-16
SO-0593,CUST-012,INV-STRC-FG-0043,1,2025-05-08
SO-0594,CUST-007,INV-STRC-FG-0022,1,2025-09-23
SO-0595,CUST-010,INV-MODL-FG-0276,1,2025-12-07
SO-0596,CUST-009,INV-PLTE-FG-0188,1,2025-03-03
SO-0597,CUST-012,INV-STRC-FG-0001,1,2025-01-23
SO-0598,CUST-003,INV-PLTE-FG-0263,1,2025-06-03
SO-0599,CUST-012,INV-MODL-FG-0316,2,2025-06-03
SO-0600,CUST-003,INV-STRC-FG-0003,1,2025-02-15
SO-0601,CUST-001,INV-PLTE-FG-0187,1,2025-10-30
SO-0602,CUST-010,INV-STRC-FG-0023,1,2025-03-29
SO-0603,CUST-012,INV-PLTE-FG-0232,1,2025-07-17
SO-0604,CUST-008,INV-MODL-FG-0319,2,2025-07-10
SO-0605,CUST-008,INV-PLTE-FG-0232,1,2025-06-21
SO-0606,CUST-010,INV-PLTE-FG-0213,1,2025-06-21
SO-0607,CUST-005,INV-BEAM-FG-0129,1,2025-10-21
SO-0608,CUST-006,INV-STRC-FG-0005,1,2025-12-15
SO-0609,CUST-001,INV-PLTE-FG-0209,1,2025-03-05
SO-0610,CUST-002,INV-STRC-FG-0082,1,2025-06-25
SO-0611,CUST-012,INV-STRC-FG-0026,1,2025-11-19
SO-0612,CUST-005,INV-MODL-FG-0329,4,2025-06-02
SO-0613,CUST-002,INV-BEAM-FG-0110,1,2025-03-07
SO-0614,CUST-005,INV-STRC-FG-0009,4,2025-10-06
SO-0615,CUST-012,INV-BEAM-FG-0097,1,2025-12-02
SO-0616,CUST-001,INV-PLTE-FG-0258,4,2025-05-08
SO-0617,CUST-003,INV-STRC-FG-0019,1,2025-05-18
SO-0618,CUST-006,INV-PLTE-FG-0203,1,2025-12-16
SO-0619,CUST-012,INV-BEAM-FG-0114,4,2025-07-06
SO-0620,CUST-012,INV-MODL-FG-0315,1,2025-12-14
SO-0621,CUST-002,INV-PLTE-FG-0261,1,2025-10-11
SO-0622,CUST-012,INV-MODL-FG-0265,1,2025-10-11
SO-0623,CUST-004,INV-MODL-FG-0278,1,2025-03-29
SO-0624,CUST-002,INV-BEAM-FG-0115,2,2025-11-05
SO-0625,CUST-001,INV-MODL-FG-0320,2,2025-12-01
SO-0626,CUST-010,INV-PLTE-FG-0211,1,2025-09-11
SO-0627,CUST-002,INV-PLTE-FG-0188,2,2025-03-13
SO-0628,CUST-011,INV-BEAM-FG-0177,1,2025-09-23
SO-0629,CUST-008,INV-BEAM-FG-0119,1,2025-10-03
SO-0630,CUST-003,INV-PLTE-FG-0254,4,2025-03-28
SO-0631,CUST-003,INV-STRC-FG-0052,1,2025-01-31
SO-0632,CUST-006,INV-MODL-FG-0323,1,2025-06-08
SO-0633,CUST-010,INV-BEAM-FG-0134,1,2025-09-15
SO-0634,CUST-011,INV-BEAM-FG-0152,4,2025-03-29
SO-0635,CUST-004,INV-MODL-FG-0270,1,2025-03-17
SO-0636,CUST-004,INV-STRC-FG-0033,1,2025-11-06
SO-0637,CUST-012,INV-PLTE-FG-0252,1,2025-02-15
SO-0638,CUST-007,INV-BEAM-FG-0181,1,2025-06-09
SO-0639,CUST-012,INV-BEAM-FG-0106,1,2025-06-18
SO-0640,CUST-011,INV-PLTE-FG-0232,1,2025-10-04
SO-0641,CUST-006,INV-MODL-FG-0282,1,2025-11-14
SO-0642,CUST-006,INV-MODL-FG-0270,2,2025-01-15
SO-0643,CUST-010,INV-BEAM-FG-0119,1,2025-07-19
SO-0644,CUST-006,INV-STRC-FG-0005,1,2025-09-02
SO-0645,CUST-012,INV-MODL-FG-0305,2,2025-06-21
SO-0646,CUST-012,INV-STRC-FG-0061,1,2025-04-14
SO-0647,CUST-009,INV-BEAM-FG-0166,1,2025-12-09
SO-0648,CUST-004,INV-MODL-FG-0331,2,2025-06-26
SO-0649,CUST-011,INV-BEAM-FG-0159,2,2025-09-21
SO-0650,CUST-002,INV-MODL-FG-0315,1,2025-06-04
SO-0651,CUST-004,INV-PLTE-FG-0188,1,2025-07-03
SO-0652,CUST-005,INV-PLTE-FG-0196,2,2025-11-06
SO-0653,CUST-006,INV-PLTE-FG-0222,1,2025-01-15
SO-0654,CUST-012,INV-BEAM-FG-0118,2,2025-06-08
SO-0655,CUST-005,INV-STRC-FG-0027,1,2025-11-09
SO-0656,CUST-002,INV-BEAM-FG-0124,1,2025-05-25
SO-0657,CUST-003,INV-BEAM-FG-0180,2,2025-03-31
SO-0658,CUST-011,INV-BEAM-FG-0143,1,2025-03-28
SO-0659,CUST-010,INV-STRC-FG-0014,1,2025-11-02
SO-0660,CUST-004,INV-MODL-FG-0275,1,2025-10-02
SO-0661,CUST-010,INV-STRC-FG-0048,1,2025-11-19
SO-0662,CUST-010,INV-BEAM-FG-0154,1,2025-01-24
SO-0663,CUST-009,INV-BEAM-FG-0128,1,2025-11-15
SO-0664,CUST-012,INV-MODL-FG-0328,1,2025-12-16
SO-0665,CUST-012,INV-MODL-FG-0331,1,2025-06-11
SO-0666,CUST-011,INV-MODL-FG-0330,1,2025-05-09
SO-0667,CUST-003,INV-PLTE-FG-0209,1,2025-05-09
SO-0668,CUST-002,INV-PLTE-FG-0209,1,2025-12-18
SO-0669,CUST-010,INV-MODL-FG-0272,1,2025-03-12
SO-0670,CUST-005,INV-PLTE-FG-0189,1,2025-04-29
SO-0671,CUST-009,INV-BEAM-FG-0177,2,2025-07-19
SO-0672,CUST-003,INV-STRC-FG-0043,1,2025-03-18
SO-0673,CUST-005,INV-STRC-FG-0079,1,2025-05-14
SO-0674,CUST-003,INV-BEAM-FG-0156,1,2025-03-22
SO-0675,CUST-008,INV-PLTE-FG-0212,1,2025-05-01
SO-0676,CUST-006,INV-STRC-FG-0036,1,2025-04-24
SO-0677,CUST-002,INV-MODL-FG-0286,1,2025-03-11
SO-0678,CUST-002,INV-BEAM-FG-0095,4,2025-02-19
SO-0679,CUST-005,INV-BEAM-FG-0121,1,2025-01-28
SO-0680,CUST-009,INV-MODL-FG-0337,1,2025-06-28
SO-0681,CUST-011,INV-BEAM-FG-0131,1,2025-05-16
SO-0682,CUST-009,INV-STRC-FG-0059,1,2025-07-16
SO-0683,CUST-007,INV-BEAM-FG-0165,1,2025-03-07
SO-0684,CUST-009,INV-PLTE-FG-0185,1,2025-08-04
SO-0685,CUST-011,INV-MODL-FG-0286,1,2025-06-20
SO-0686,CUST-003,INV-MODL-FG-0315,1,2025-08-05
SO-0687,CUST-007,INV-BEAM-FG-0095,1,2025-12-04
SO-0688,CUST-012,INV-STRC-FG-0067,1,2025-09-02
SO-0689,CUST-004,INV-PLTE-FG-0260,1,2025-01-20
SO-0690,CUST-008,INV-PLTE-FG-0235,2,2025-01-16
SO-0691,CUST-010,INV-BEAM-FG-0100,1,2025-12-02
SO-0692,CUST-010,INV-BEAM-FG-0175,1,2025-07-29
SO-0693,CUST-010,INV-STRC-FG-0086,4,2025-08-02
SO-0694,CUST-006,INV-BEAM-FG-0125,1,2025-01-18
SO-0695,CUST-010,INV-STRC-FG-0066,1,2025-10-11
SO-0696,CUST-012,INV-STRC-FG-0070,2,2025-11-23
SO-0697,CUST-005,INV-STRC-FG-0069,1,2025-03-12
SO-0698,CUST-011,INV-PLTE-FG-0235,1,2025-08-03
SO-0699,CUST-010,INV-STRC-FG-0084,1,2025-01-28
SO-0700,CUST-011,INV-BEAM-FG-0138,1,2025-11-29
SO-0701,CUST-006,INV-BEAM-FG-0157,1,2025-05-19
SO-0702,CUST-009,INV-BEAM-FG-0180,2,2025-08-11
SO-0703,CUST-003,INV-BEAM-FG-0098,2,2025-10-30
SO-0704,CUST-012,INV-MODL-FG-0284,1,2025-12-21
SO-0705,CUST-005,INV-STRC-FG-0053,1,2025-06-30
SO-0706,CUST-010,INV-STRC-FG-0025,1,2025-06-15
SO-0707,CUST-003,INV-STRC-FG-0080,1,2025-12-13
SO-0708,CUST-001,INV-BEAM-FG-0177,1,2025-04-17
SO-0709,CUST-001,INV-PLTE-FG-0194,1,2025-03-10
SO-0710,CUST-011,INV-PLTE-FG-0199,2,2025-07-07
SO-0711,CUST-001,INV-STRC-FG-0079,2,2025-09-13
SO-0712,CUST-011,INV-STRC-FG-0082,1,2025-10-10
SO-0713,CUST-005,INV-PLTE-FG-0250,1,2025-03-11
SO-0714,CUST-006,INV-STRC-FG-0072,1,2025-12-22
SO-0715,CUST-003,INV-BEAM-FG-0100,1,2025-08-12
SO-0716,CUST-006,INV-BEAM-FG-0171,1,2025-09-28
SO-0717,CUST-009,INV-STRC-FG-0070,1,2025-01-27
SO-0718,CUST-012,INV-PLTE-FG-0187,1,2025-04-28
SO-0719,CUST-005,INV-MODL-FG-0286,2,2025-05-08
SO-0720,CUST-006,INV-BEAM-FG-0165,2,2025-05-05
SO-0721,CUST-011,INV-BEAM-FG-0147,1,2025-09-22
SO-0722,CUST-001,INV-STRC-FG-0069,1,2025-02-04
SO-0723,CUST-003,INV-STRC-FG-0013,1,2025-08-02
SO-0724,CUST-009,INV-PLTE-FG-0241,1,2025-04-30
SO-0725,CUST-005,INV-BEAM-FG-0090,1,2025-07-29
SO-0726,CUST-004,INV-STRC-FG-0023,2,2025-08-21
SO-0727,CUST-003,INV-PLTE-FG-0235,1,2025-10-12
SO-0728,CUST-005,INV-STRC-FG-0087,1,2025-12-27
SO-0729,CUST-009,INV-BEAM-FG-0133,1,2025-08-14
SO-0730,CUST-001,INV-STRC-FG-0031,1,2025-04-02
SO-0731,CUST-008,INV-PLTE-FG-0206,1,2025-08-01
SO-0732,CUST-002,INV-PLTE-FG-0204,1,2025-02-27
SO-0733,CUST-011,INV-PLTE-FG-0235,2,2025-08-05
SO-0734,CUST-002,INV-STRC-FG-0019,1,2025-03-26
SO-0735,CUST-003,INV-STRC-FG-0054,1,2025-09-22
SO-0736,CUST-008,INV-BEAM-FG-0169,1,2025-02-22
SO-0737,CUST-011,INV-PLTE-FG-0244,1,2025-12-15
SO-0738,CUST-011,INV-PLTE-FG-0261,1,2025-08-10
SO-0739,CUST-006,INV-STRC-FG-0014,1,2025-11-21
SO-0740,CUST-002,INV-BEAM-FG-0172,1,2025-02-24
SO-0741,CUST-010,INV-BEAM-FG-0136,1,2025-01-24
SO-0742,CUST-007,INV-BEAM-FG-0117,1,2025-11-06
SO-0743,CUST-003,INV-BEAM-FG-0112,1,2025-09-01
SO-0744,CUST-005,INV-PLTE-FG-0196,1,2025-04-01
SO-0745,CUST-005,INV-PLTE-FG-0251,2,2025-04-08
SO-0746,CUST-002,INV-BEAM-FG-0120,1,2025-07-30
SO-0747,CUST-001,INV-BEAM-FG-0155,1,2025-09-26
SO-0748,CUST-005,INV-BEAM-FG-0131,1,2025-10-24
SO-0749,CUST-003,INV-PLTE-FG-0198,1,2025-10-17
SO-0750,CUST-001,INV-MODL-FG-0284,2,2025-02-06
SO-0751,CUST-012,INV-BEAM-FG-0103,1,2025-11-07
SO-0752,CUST-012,INV-PLTE-FG-0247,1,2025-02-04
SO-0753,CUST-011,INV-MODL-FG-0295,1,2025-01-17
SO-0754,CUST-002,INV-PLTE-FG-0248,1,2025-12-03
SO-0755,CUST-008,INV-BEAM-FG-0165,1,2025-09-19
SO-0756,CUST-010,INV-STRC-FG-0078,2,2025-04-02
SO-0757,CUST-008,INV-BEAM-FG-0174,1,2025-03-28
SO-0758,CUST-001,INV-PLTE-FG-0242,2,2025-03-20
SO-0759,CUST-008,INV-STRC-FG-0017,1,2025-05-04
SO-0760,CUST-006,INV-BEAM-FG-0154,1,2025-10-04
SO-0761,CUST-012,INV-BEAM-FG-0129,1,2025-09-17
SO-0762,CUST-010,INV-STRC-FG-0019,1,2025-04-06
SO-0763,CUST-002,INV-PLTE-FG-0208,2,2025-03-27
SO-0764,CUST-011,INV-STRC-FG-0022,1,2025-03-29
SO-0765,CUST-005,INV-STRC-FG-0065,1,2025-11-06
SO-0766,CUST-002,INV-MODL-FG-0317,1,2025-09-28
SO-0767,CUST-010,INV-PLTE-FG-0205,1,2025-04-10
SO-0768,CUST-002,INV-BEAM-FG-0160,1,2025-02-02
SO-0769,CUST-010,INV-PLTE-FG-0187,2,2025-09-10
SO-0770,CUST-006,INV-MODL-FG-0285,1,2025-01-21
SO-0771,CUST-004,INV-MODL-FG-0303,2,2025-05-11
SO-0772,CUST-010,INV-BEAM-FG-0096,1,2025-10-22
SO-0773,CUST-002,INV-MODL-FG-0285,1,2025-08-14
SO-0774,CUST-005,INV-MODL-FG-0338,1,2025-12-04
SO-0775,CUST-010,INV-BEAM-FG-0101,1,2025-08-08
SO-0776,CUST-005,INV-MODL-FG-0304,1,2025-05-07
SO-0777,CUST-006,INV-PLTE-FG-0208,2,2025-10-20
SO-0778,CUST-010,INV-PLTE-FG-0233,1,2025-12-15
SO-0779,CUST-006,INV-STRC-FG-0022,1,2025-11-23
SO-0780,CUST-003,INV-BEAM-FG-0131,1,2025-04-03
SO-0781,CUST-002,INV-PLTE-FG-0185,1,2025-07-17
SO-0782,CUST-001,INV-BEAM-FG-0108,1,2025-03-12
SO-0783,CUST-009,INV-PLTE-FG-0225,1,2025-06-21
SO-0784,CUST-011,INV-MODL-FG-0276,2,2025-09-13
SO-0785,CUST-008,INV-PLTE-FG-0243,1,2025-03-10
SO-0786,CUST-004,INV-BEAM-FG-0107,1,2025-02-21
SO-0787,CUST-008,INV-MODL-FG-0280,1,2025-06-09
SO-0788,CUST-007,INV-BEAM-FG-0100,1,2025-08-23
SO-0789,CUST-005,INV-PLTE-FG-0191,2,2025-05-12
SO-0790,CUST-012,INV-MODL-FG-0329,4,2025-06-03
SO-0791,CUST-001,INV-PLTE-FG-0261,1,2025-12-24
SO-0792,CUST-006,INV-PLTE-FG-0260,1,2025-11-29
SO-0793,CUST-009,INV-STRC-FG-0088,1,2025-07-04
SO-0794,CUST-007,INV-BEAM-FG-0106,1,2025-10-30
SO-0795,CUST-004,INV-STRC-FG-0068,1,2025-06-07
SO-0796,CUST-006,INV-BEAM-FG-0091,2,2025-10-14
SO-0797,CUST-004,INV-MODL-FG-0279,1,2025-09-02
SO-0798,CUST-012,INV-BEAM-FG-0112,1,2025-11-06
SO-0799,CUST-003,INV-STRC-FG-0025,1,2025-11-01
SO-0800,CUST-011,INV-STRC-FG-0070,1,2025-02-17
SO-0801,CUST-003,INV-STRC-FG-0010,1,2025-04-26
SO-0802,CUST-011,INV-BEAM-FG-0143,1,2025-07-02
SO-0803,CUST-009,INV-MODL-FG-0330,1,2025-11-14
SO-0804,CUST-006,INV-MODL-FG-0322,1,2025-04-20
SO-0805,CUST-010,INV-BEAM-FG-0090,1,2025-05-06
SO-0806,CUST-010,INV-BEAM-FG-0120,1,2025-11-21
SO-0807,CUST-008,INV-BEAM-FG-0124,1,2025-12-02
SO-0808,CUST-005,INV-BEAM-FG-0136,4,2025-12-23
SO-0809,CUST-010,INV-BEAM-FG-0158,1,2025-12-05
SO-0810,CUST-006,INV-MODL-FG-0325,1,2025-08-30
SO-0811,CUST-009,INV-PLTE-FG-0251,1,2025-11-09
SO-0812,CUST-003,INV-STRC-FG-0028,1,2025-09-29
SO-0813,CUST-003,INV-PLTE-FG-0238,1,2025-05-12
SO-0814,CUST-012,INV-BEAM-FG-0118,1,2025-06-07
SO-0815,CUST-003,INV-PLTE-FG-0262,1,2025-03-10
SO-0816,CUST-011,INV-BEAM-FG-0109,1,2025-02-25
SO-0817,CUST-010,INV-MODL-FG-0304,2,2025-10-28
SO-0818,CUST-002,INV-MODL-FG-0314,2,2025-12-27
SO-0819,CUST-001,INV-MODL-FG-0299,1,2025-09-01
SO-0820,CUST-008,INV-BEAM-FG-0110,1,2025-08-28
SO-0821,CUST-006,INV-BEAM-FG-0110,2,2025-04-20
SO-0822,CUST-008,INV-MODL-FG-0311,1,2025-12-08
SO-0823,CUST-011,INV-PLTE-FG-0260,1,2025-03-12
SO-0824,CUST-004,INV-PLTE-FG-0204,1,2025-12-23
SO-0825,CUST-010,INV-BEAM-FG-0143,1,2025-12-29
SO-0826,CUST-012,INV-BEAM-FG-0166,1,2025-12-26
SO-0827,CUST-006,INV-PLTE-FG-0235,1,2025-06-29
SO-0828,CUST-012,INV-STRC-FG-0031,1,2025-09-04
SO-0829,CUST-002,INV-STRC-FG-0017,2,2025-08-25
SO-0830,CUST-011,INV-PLTE-FG-0247,1,2025-05-05
SO-0831,CUST-001,INV-MODL-FG-0329,2,2025-08-04
SO-0832,CUST-008,INV-MODL-FG-0333,2,2025-01-15
SO-0833,CUST-011,INV-BEAM-FG-0131,1,2025-09-04
SO-0834,CUST-011,INV-PLTE-FG-0254,2,2025-05-29
SO-0835,CUST-005,INV-PLTE-FG-0224,1,2025-02-15
SO-0836,CUST-009,INV-MODL-FG-0281,2,2025-06-10
SO-0837,CUST-003,INV-STRC-FG-0059,1,2025-07-16
SO-0838,CUST-001,INV-PLTE-FG-0196,1,2025-04-11
SO-0839,CUST-001,INV-PLTE-FG-0182,1,2025-11-23
SO-0840,CUST-010,INV-STRC-FG-0043,1,2025-12-28
SO-0841,CUST-012,INV-BEAM-FG-0133,1,2025-04-17
SO-0842,CUST-002,INV-BEAM-FG-0101,1,2025-09-17
SO-0843,CUST-007,INV-BEAM-FG-0181,1,2025-05-25
SO-0844,CUST-007,INV-STRC-FG-0039,1,2025-08-10
SO-0845,CUST-011,INV-STRC-FG-0077,2,2025-08-14
SO-0846,CUST-012,INV-STRC-FG-0042,1,2025-10-18
SO-0847,CUST-004,INV-MODL-FG-0301,1,2025-10-27
SO-0848,CUST-009,INV-BEAM-FG-0127,1,2025-07-09
SO-0849,CUST-006,INV-BEAM-FG-0144,1,2025-11-02
SO-0850,CUST-010,INV-MODL-FG-0277,1,2025-09-26
SO-0851,CUST-012,INV-BEAM-FG-0151,1,2025-07-03
SO-0852,CUST-003,INV-BEAM-FG-0130,1,2025-12-12
SO-0853,CUST-005,INV-PLTE-FG-0247,1,2025-09-27
SO-0854,CUST-006,INV-PLTE-FG-0232,1,2025-10-29
SO-0855,CUST-012,INV-STRC-FG-0008,1,2025-11-19
SO-0856,CUST-003,INV-MODL-FG-0325,1,2025-12-19
SO-0857,CUST-004,INV-BEAM-FG-0136,1,2025-05-01
SO-0858,CUST-002,INV-PLTE-FG-0194,1,2025-07-13
SO-0859,CUST-002,INV-PLTE-FG-0261,1,2025-07-16
SO-0860,CUST-004,INV-MODL-FG-0267,1,2025-11-24
SO-0861,CUST-007,INV-BEAM-FG-0163,1,2025-05-16
SO-0862,CUST-002,INV-MODL-FG-0312,1,2025-12-29
SO-0863,CUST-010,INV-STRC-FG-0011,1,2025-03-05
SO-0864,CUST-008,INV-PLTE-FG-0182,1,2025-10-07
SO-0865,CUST-001,INV-MODL-FG-0273,1,2025-03-04
SO-0866,CUST-011,INV-STRC-FG-0019,1,2025-08-27
SO-0867,CUST-010,INV-BEAM-FG-0181,2,2025-05-13
SO-0868,CUST-002,INV-MODL-FG-0296,1,2025-05-10
SO-0869,CUST-011,INV-BEAM-FG-0111,2,2025-03-11
SO-0870,CUST-004,INV-MODL-FG-0339,1,2025-04-28
SO-0871,CUST-004,INV-BEAM-FG-0156,2,2025-01-30
SO-0872,CUST-008,INV-STRC-FG-0014,1,2025-04-24
SO-0873,CUST-009,INV-PLTE-FG-0197,1,2025-11-02
SO-0874,CUST-010,INV-STRC-FG-0088,1,2025-06-26
SO-0875,CUST-011,INV-MODL-FG-0282,1,2025-08-05
SO-0876,CUST-008,INV-MODL-FG-0334,1,2025-09-20
SO-0877,CUST-005,INV-BEAM-FG-0130,2,2025-09-11
SO-0878,CUST-010,INV-BEAM-FG-0099,4,2025-05-24
SO-0879,CUST-009,INV-BEAM-FG-0173,2,2025-11-11
SO-0880,CUST-001,INV-MODL-FG-0269,2,2025-08-04
SO-0881,CUST-006,INV-PLTE-FG-0200,1,2025-08-26
SO-0882,CUST-009,INV-STRC-FG-0036,1,2025-01-19
SO-0883,CUST-008,INV-BEAM-FG-0091,1,2025-03-15
SO-0884,CUST-006,INV-MODL-FG-0325,1,2025-08-10
SO-0885,CUST-003,INV-MODL-FG-0313,1,2025-12-16
SO-0886,CUST-011,INV-BEAM-FG-0149,2,2025-02-19
SO-0887,CUST-005,INV-STRC-FG-0079,1,2025-10-29
SO-0888,CUST-008,INV-PLTE-FG-0242,1,2025-10-25
SO-0889,CUST-007,INV-BEAM-FG-0169,1,2025-11-03
SO-0890,CUST-009,INV-PLTE-FG-0185,1,2025-07-05
SO-0891,CUST-002,INV-PLTE-FG-0257,1,2025-07-02
SO-0892,CUST-001,INV-BEAM-FG-0134,2,2025-06-09
SO-0893,CUST-011,INV-STRC-FG-0053,1,2025-10-04
SO-0894,CUST-010,INV-BEAM-FG-0120,2,2025-02-12
SO-0895,CUST-011,INV-PLTE-FG-0187,1,2025-07-23
SO-0896,CUST-010,INV-BEAM-FG-0105,2,2025-04-11
SO-0897,CUST-005,INV-MODL-FG-0268,1,2025-08-08
SO-0898,CUST-009,INV-STRC-FG-0020,1,2025-12-23
SO-0899,CUST-012,INV-BEAM-FG-0147,1,2025-10-21
SO-0900,CUST-001,INV-STRC-FG-0084,2,2025-10-14
SO-0901,CUST-007,INV-BEAM-FG-0127,1,2025-03-14
SO-0902,CUST-009,INV-BEAM-FG-0168,1,2025-12-14
SO-0903,CUST-010,INV-MODL-FG-0280,2,2025-06-25
SO-0904,CUST-012,INV-PLTE-FG-0231,1,2025-08-23
SO-0905,CUST-005,INV-BEAM-FG-0121,1,2025-03-07
SO-0906,CUST-003,INV-PLTE-FG-0254,1,2025-04-10
SO-0907,CUST-005,INV-MODL-FG-0338,1,2025-06-13
SO-0908,CUST-008,INV-BEAM-FG-0113,1,2025-12-03
SO-0909,CUST-011,INV-STRC-FG-0053,1,2025-01-16
SO-0910,CUST-009,INV-BEAM-FG-0175,2,2025-05-14
SO-0911,CUST-011,INV-MODL-FG-0290,1,2025-05-29
SO-0912,CUST-002,INV-STRC-FG-0077,1,2025-11-12
SO-0913,CUST-002,INV-BEAM-FG-0100,1,2025-07-08
SO-0914,CUST-011,INV-STRC-FG-0013,2,2025-04-04
SO-0915,CUST-004,INV-STRC-FG-0038,1,2025-07-02
SO-0916,CUST-002,INV-STRC-FG-0012,1,2025-12-25
SO-0917,CUST-002,INV-BEAM-FG-0098,1,2025-10-26
SO-0918,CUST-003,INV-PLTE-FG-0188,1,2025-08-07
SO-0919,CUST-004,INV-STRC-FG-0055,1,2025-04-20
SO-0920,CUST-009,INV-MODL-FG-0265,1,2025-11-18
SO-0921,CUST-002,INV-PLTE-FG-0226,1,2025-06-19
SO-0922,CUST-008,INV-MODL-FG-0280,1,2025-11-11
SO-0923,CUST-002,INV-STRC-FG-0064,1,2025-06-11
SO-0924,CUST-005,INV-STRC-FG-0054,1,2025-12-29
SO-0925,CUST-009,INV-PLTE-FG-0187,1,2025-10-02
SO-0926,CUST-005,INV-MODL-FG-0269,1,2025-05-12
SO-0927,CUST-009,INV-BEAM-FG-0090,1,2025-11-25
SO-0928,CUST-009,INV-STRC-FG-0085,1,2025-12-24
SO-0929,CUST-002,INV-STRC-FG-0084,2,2025-03-03
SO-0930,CUST-007,INV-STRC-FG-0033,1,2025-03-20
SO-0931,CUST-010,INV-PLTE-FG-0208,1,2025-04-15
SO-0932,CUST-006,INV-STRC-FG-0067,1,2025-09-23
SO-0933,CUST-003,INV-STRC-FG-0024,1,2025-09-06
SO-0934,CUST-009,INV-PLTE-FG-0203,2,2025-03-28
SO-0935,CUST-007,INV-STRC-FG-0049,1,2025-04-27
SO-0936,CUST-003,INV-STRC-FG-0021,1,2025-04-06
SO-0937,CUST-004,INV-BEAM-FG-0126,1,2025-02-25
SO-0938,CUST-008,INV-STRC-FG-0035,1,2025-06-02
SO-0939,CUST-005,INV-STRC-FG-0083,1,2025-08-27
SO-0940,CUST-003,INV-STRC-FG-0087,1,2025-02-28
SO-0941,CUST-002,INV-STRC-FG-0003,2,2025-07-21
SO-0942,CUST-011,INV-PLTE-FG-0222,1,2025-02-25
SO-0943,CUST-009,INV-BEAM-FG-0123,4,2025-12-06
SO-0944,CUST-011,INV-BEAM-FG-0125,1,2025-07-31
SO-0945,CUST-010,INV-PLTE-FG-0225,1,2025-01-29
SO-0946,CUST-001,INV-STRC-FG-0073,1,2025-01-14
SO-0947,CUST-005,INV-PLTE-FG-0184,1,2025-05-29
SO-0948,CUST-003,INV-MODL-FG-0338,1,2025-04-17
SO-0949,CUST-006,INV-PLTE-FG-0249,1,2025-03-19
SO-0950,CUST-011,INV-MODL-FG-0269,1,2025-01-16
SO-0951,CUST-010,INV-MODL-FG-0266,1,2025-08-11
SO-0952,CUST-010,INV-MODL-FG-0301,1,2025-11-06
SO-0953,CUST-008,INV-PLTE-FG-0190,1,2025-03-06
SO-0954,CUST-002,INV-STRC-FG-0064,1,2025-01-13
SO-0955,CUST-012,INV-PLTE-FG-0184,1,2025-10-14
SO-0956,CUST-006,INV-BEAM-FG-0167,1,2025-06-03
SO-0957,CUST-010,INV-BEAM-FG-0143,1,2025-06-28
SO-0958,CUST-012,INV-PLTE-FG-0222,1,2025-10-15
SO-0959,CUST-009,INV-BEAM-FG-0169,1,2025-06-08
SO-0960,CUST-012,INV-STRC-FG-0075,2,2025-10-28
SO-0961,CUST-011,INV-PLTE-FG-0251,1,2025-10-20
SO-0962,CUST-002,INV-BEAM-FG-0154,1,2025-11-14
SO-0963,CUST-005,INV-PLTE-FG-0198,4,2025-12-13
SO-0964,CUST-006,INV-MODL-FG-0320,1,2025-03-24
SO-0965,CUST-010,INV-STRC-FG-0016,2,2025-11-02
SO-0966,CUST-005,INV-STRC-FG-0053,1,2025-06-14
SO-0967,CUST-003,INV-STRC-FG-0076,4,2025-04-25
SO-0968,CUST-004,INV-STRC-FG-0066,1,2025-10-10
SO-0969,CUST-011,INV-MODL-FG-0284,1,2025-08-25
SO-0970,CUST-009,INV-MODL-FG-0301,1,2025-08-06
SO-0971,CUST-003,INV-MODL-FG-0293,2,2025-04-17
SO-0972,CUST-011,INV-BEAM-FG-0149,1,2025-02-20
SO-0973,CUST-001,INV-PLTE-FG-0191,2,2025-05-20
SO-0974,CUST-006,INV-BEAM-FG-0147,1,2025-03-18
SO-0975,CUST-010,INV-BEAM-FG-0114,1,2025-05-19
SO-0976,CUST-004,INV-STRC-FG-0020,1,2025-03-11
SO-0977,CUST-011,INV-BEAM-FG-0124,2,2025-10-29
SO-0978,CUST-003,INV-PLTE-FG-0264,2,2025-06-04
SO-0979,CUST-002,INV-MODL-FG-0277,1,2025-06-27
SO-0980,CUST-012,INV-BEAM-FG-0130,4,2025-06-09
SO-0981,CUST-011,INV-BEAM-FG-0104,1,2025-03-17
SO-0982,CUST-012,INV-STRC-FG-0028,2,2025-05-16
SO-0983,CUST-009,INV-BEAM-FG-0127,2,2025-05-14
SO-0984,CUST-001,INV-PLTE-FG-0244,2,2025-01-17
SO-0985,CUST-005,INV-BEAM-FG-0175,1,2025-05-26
SO-0986,CUST-011,INV-PLTE-FG-0189,1,2025-10-21
SO-0987,CUST-002,INV-PLTE-FG-0214,1,2025-12-09
SO-0988,CUST-011,INV-MODL-FG-0265,1,2025-05-11
SO-0989,CUST-001,INV-STRC-FG-0080,4,2025-10-03
SO-0990,CUST-012,INV-STRC-FG-0017,1,2025-02-28
SO-0991,CUST-004,INV-PLTE-FG-0191,1,2025-09-25
SO-0992,CUST-010,INV-BEAM-FG-0127,2,2025-11-19
SO-0993,CUST-011,INV-STRC-FG-0024,2,2025-05-22
SO-0994,CUST-002,INV-BEAM-FG-0175,1,2025-01-13
SO-0995,CUST-009,INV-STRC-FG-0047,1,2025-04-04
SO-0996,CUST-002,INV-STRC-FG-0033,1,2025-03-20
SO-0997,CUST-006,INV-BEAM-FG-0112,4,2025-10-14
SO-0998,CUST-011,INV-MODL-FG-0268,2,2025-03-05
SO-0999,CUST-012,INV-MODL-FG-0311,1,2025-03-07
SO-1000,CUST-011,INV-STRC-FG-0036,2,2025-11-09
